route_point,x,y
0,0.0,0.0
1,0,0
2,0.035,0.0023
3,0.0721,0.008
4,0.1091,0.0108
5,0.1462,0.0108
6,0.1833,0.0137
7,0.2203,0.0137
8,0.2574,0.0165
9,0.2944,0.0194
10,0.3315,0.0194
11,0.3686,0.0251
12,0.4056,0.0279
13,0.4427,0.0308
14,0.4797,0.0365
15,0.5168,0.0422
16,0.551,0.0507
17,0.588,0.0564
18,0.6251,0.0621
19,0.6622,0.065
20,0.6964,0.0735
21,0.7334,0.0792
22,0.7676,0.0906
23,0.8018,0.0992
24,0.836,0.1134
25,0.8674,0.1305
26,0.8988,0.1476
27,0.9301,0.1676
28,0.9586,0.1904
29,0.9871,0.2132
30,1.0156,0.236
31,1.0413,0.2617
32,1.0669,0.2873
33,1.0869,0.3187
34,1.104,0.35
35,1.1183,0.3842
36,1.1211,0.4213
37,1.1211,0.4583
38,1.1211,0.4954
39,1.1211,0.5325
40,1.124,0.5695
41,1.1211,0.6066
42,1.1154,0.6436
43,1.1069,0.6778
44,1.1011,0.7149
45,1.0897,0.7491
46,1.0812,0.7833
47,1.0726,0.8175
48,1.0669,0.8546
49,1.0641,0.8916
50,1.0726,0.9258
51,1.084,0.9601
52,1.1011,0.9914
53,1.1325,1.0085
54,1.1667,1.0199
55,1.2009,1.0285
56,1.2351,1.037
57,1.2722,1.0399
58,1.3092,1.0399
59,1.3463,1.0399
60,1.3834,1.037
61,1.4204,1.0342
62,1.4575,1.0342
63,1.4945,1.0313
64,1.5316,1.0285
65,1.5686,1.0285
66,1.6057,1.0285
67,1.6428,1.0256
68,1.6798,1.0228
69,1.7169,1.0228
70,1.7539,1.0228
71,1.791,1.0256
72,1.828,1.0285
73,1.8651,1.0313
74,1.9022,1.037
75,1.9392,1.0427
76,1.9734,1.0541
77,2.0048,1.0712
78,2.0304,1.0997
79,2.0504,1.1311
80,2.0675,1.1624
81,2.0789,1.1967
82,2.0874,1.2309
83,2.0931,1.2679
84,2.096,1.305
85,2.1017,1.342
86,2.1017,1.3791
87,2.0989,1.4161
88,2.0989,1.4532
89,2.0989,1.4903
90,2.0903,1.5245
91,2.0817,1.5587
92,2.0675,1.5929
93,2.0561,1.6271
94,2.0418,1.6613
95,2.0247,1.6955
96,2.0105,1.7297
97,1.9934,1.7611
98,1.9763,1.7924
99,1.9535,1.8209
100,1.9278,1.8466
101,1.8993,1.8694
102,1.8708,1.8922
103,1.8394,1.9121
104,1.8081,1.9293
105,1.7767,1.9492
106,1.55,2.05
